,Parent_1,Parent_2,Full_sibling_1,Full_sibling_2
0,75.6416611,73.44642218,70.4213347,73.81792415
1,77.31583232,77.62461318,73.64905962,83.65548934
2,70.00158572,74.5995257,75.60788819,71.85427087
3,82.4010671,80.837864,82.27080017,80.14310706
4,73.70213133,70.83625898,73.89029466,76.07105948
5,75.19296391,71.78672506,73.51879269,75.6609599
6,70.74458966,70.85555778,71.30425497,75.96491606
7,73.07009551,78.32901951,73.74555364,73.12316722
8,75.76710332,75.1350675,77.06012317,77.7066331
9,78.91280833,72.89158157,74.31969305,71.88804378
10,75.54516708,75.28945793,71.56478882,79.289135
11,76.85748573,77.24828651,69.85684469,74.02538629
12,72.32709156,81.11769665,74.76839023,73.67800782
13,80.80409109,83.01862881,80.00801544,80.59180425
14,76.40878855,75.46797187,77.85137412,76.02281247
15,74.57057749,81.68701136,74.49820698,82.47343761
16,73.15211542,71.22223505,73.34027876,74.0591592
17,66.43130703,76.1627288,76.46668496,77.48952155
18,73.82757355,71.24153386,80.26854929,74.64777271
19,73.89029466,78.84526251,76.51975667,72.25954575
20,79.8198521,73.32097995,80.56768074,80.06108715
21,84.26822635,74.49338228,83.80023036,76.13378059
22,80.3409198,75.31840614,76.06141008,80.61110305
23,79.10579636,65.26855411,76.63072479,78.02506336
24,76.25922282,72.88675687,74.11705561,76.61142599
25,70.83625898,80.01284014,75.74297982,73.88064526
26,80.94883212,75.6416611,72.79508755,78.7535932
27,81.48437392,79.55931825,79.76195569,78.21322669
28,71.08231873,78.98035414,78.20357729,72.10515532
29,74.0688086,82.9366089,81.19006716,84.29717456
30,74.44031057,73.73590423,78.72946969,75.44384836
31,80.50978433,80.3457445,75.86842204,70.9375777
32,70.00158572,78.44963704,78.37726652,77.07459727
33,78.99000354,69.49499212,70.64809564,70.932753
34,81.54227033,73.46089628,68.04275714,76.48115906
35,72.03760951,76.22062521,73.74072894,76.43291205
36,74.63329861,80.45188792,72.29814336,77.2289877
37,67.13571337,76.97327855,73.61046201,71.01959761
38,75.90219495,81.55191973,78.49788405,76.95880445
39,78.64262507,71.96523899,79.49177244,80.17687997
40,78.47376054,76.78029052,80.21065288,75.15436631
41,68.71339057,79.65098757,74.98550177,73.19071303
42,77.40750164,68.39013561,71.79154976,71.94111549
43,79.41457722,71.82049797,71.88804378,76.64519889
44,66.53262575,74.21354963,71.50206771,69.76517537
45,67.25150619,75.56446588,77.96716695,78.85973662
46,84.06558891,78.74394379,88.27272812,80.30714689
47,65.66417959,75.627187,73.20036243,74.84076075
48,75.35700374,77.95269284,82.16948145,77.87549763
49,78.20357729,77.37855343,86.0823139,82.09228624
50,80.94883212,77.63426258,80.93435801,80.91988391
51,72.09550592,78.41103943,72.58762541,74.67189621
52,73.43677278,75.75745392,73.23413534,67.36247431
53,71.42487249,76.56800368,84.91956098,80.72689587
54,74.83593605,83.30328617,71.13056573,73.90476877
55,79.76678039,76.91055744,73.34510346,79.76195569
56,72.65517123,81.25761298,76.02281247,79.3132585
57,73.79862535,61.66450252,69.85201999,64.26984102
58,72.62622302,75.75745392,79.95494373,78.45928644
59,77.95269284,76.06623478,78.00093985,76.25439812
60,75.03374878,74.11705561,68.3563627,68.03793244
61,76.44738615,82.33352128,76.20615111,81.12252135
62,77.76452951,79.39527842,79.11062106,74.29556954
63,81.72078426,62.75006023,73.60563731,67.13571337
64,74.00126279,73.17623893,70.15597615,74.92278066
65,72.32226686,77.12284428,77.78382831,70.69151795
66,76.92985625,81.72078426,77.05529847,74.49338228
67,78.66192388,82.69054915,82.70984795,81.17076836
68,79.39527842,78.83561311,77.29170882,75.72368102
69,71.9748884,78.97552944,75.20261332,72.29331866
70,65.95366164,82.33352128,76.09035829,74.81181254
71,71.94111549,66.14182498,70.73494026,70.15115145
72,74.32451775,78.09260917,75.27498383,77.03599967
73,73.31615525,80.40846561,71.59856172,68.17302407
74,77.52811916,70.19939846,74.42583647,74.43548587
75,64.24089281,75.69473281,71.52619121,62.34478535
76,82.4444894,78.60885217,83.90637378,78.35796772
77,77.01187616,75.15919101,77.33030642,74.66224681
78,75.85877264,78.52683225,81.18041776,71.4586454
79,82.68089975,66.46025524,77.82242592,75.52586828
80,69.24893237,77.80312711,75.04339818,78.57507926
81,70.74458966,72.61657362,69.15243836,71.27048206
82,75.15919101,67.32870141,77.13249369,72.34156567
83,68.65066946,69.48051802,70.58054983,64.90670154
84,76.78029052,71.06784462,79.71853338,72.42841028
85,80.22512698,80.837864,76.70792,73.84687236
86,78.70052149,72.27401985,79.36633021,65.47601625
87,80.41811502,54.93404473,74.70084442,68.74233878
88,72.57315131,74.23284843,76.24474872,65.64488078
89,79.53519475,67.57476115,81.49402332,73.44159748
90,80.08521065,74.5995257,73.76485244,71.37662548
91,79.86327441,70.85555778,78.58472866,78.43033823
92,80.60627835,76.02763717,79.05272465,82.88836189
93,84.35989567,83.01862881,80.68347357,82.56028223
94,78.97552944,73.82757355,77.09389608,78.52200755
95,76.23027461,77.11801958,76.20132641,74.1025815
96,78.90798363,69.9195658,78.00093985,82.26115077
97,72.28849396,64.48695256,73.63941022,66.43613173
98,74.26662134,74.92278066,72.10998002,72.5007808
99,76.78511522,72.89158157,76.6982706,78.17945379
100,67.64713167,75.85877264,68.30811569,79.53037004
101,75.80570093,75.42937426,76.6886212,78.71017089
102,69.51429092,83.80505506,74.04468509,75.42454956
103,81.50849742,66.46507994,71.83014737,73.81309945
104,70.50335461,76.05176068,74.53197989,76.47150966
105,64.44353025,75.36182845,65.2251318,69.15726306
106,73.47537038,74.63812331,76.25922282,75.59341409
107,72.87228277,78.90798363,73.0604461,75.50656947
108,66.01638275,80.24442578,72.47665729,74.29556954
109,74.90830656,79.8343262,77.54259326,77.01187616
110,76.51975667,79.24571269,77.78865301,71.53101591
111,67.96556193,77.76935421,73.07009551,72.88193217
112,74.90348186,72.27884455,79.54001945,81.15146956
113,76.27369692,78.13120678,76.78511522,75.6561352
114,71.53584061,71.00512351,74.47890818,74.54162929
115,76.25922282,80.21065288,75.48727067,77.83690002
116,74.6139998,82.51685992,78.44481234,86.63232981
117,64.92600035,71.63715933,77.59084027,74.0591592
118,63.88386495,78.43033823,75.96974076,69.73622717
119,78.772892,77.59084027,78.7535932,82.68572445
120,78.86456132,72.31261746,72.03760951,78.33384422
121,67.32387671,73.43677278,69.53841443,74.63329861
122,79.26501149,82.88836189,80.37951741,78.14568088
123,73.30168115,74.52715519,69.73622717,72.67447003
124,72.74684054,66.86070542,69.900267,73.63941022
125,76.78993992,81.87034999,82.21772846,81.64358905
126,80.42293972,62.88032715,62.50882518,70.71081675
127,73.5477409,75.92631845,75.52586828,74.43548587
128,76.81406342,81.99096752,78.90315892,79.87774851
129,83.31293557,71.08714343,79.69440988,78.20840199
130,74.63812331,78.04436216,76.82853753,72.13410353
131,79.46764893,79.8198521,76.50528257,76.33641803
132,70.09325504,73.16658953,70.45510761,72.12927883
133,73.35475286,72.61657362,66.32998831,74.63329861
134,74.078458,74.86005955,71.39109958,79.54484415
135,76.43773675,62.54742279,73.69248193,64.93082505
136,80.11415886,76.97810326,79.00930235,79.14439397
137,83.4818001,69.29717938,85.24281594,81.50849742
138,79.65098757,79.85844971,78.64744978,73.16658953
139,80.18170467,78.31454541,82.50721052,73.20036243
140,78.38691593,73.15211542,77.58119087,75.69955751
141,69.29717938,78.7632426,78.09743387,79.95494373
142,74.13152971,81.68701136,80.26854929,82.70984795
143,73.92406757,71.68058164,76.83818693,73.80345005
144,77.52329446,69.07041844,81.00672853,76.74169291
145,78.70052149,66.46025524,68.52040253,77.76935421
146,74.99515118,68.55900014,73.06527081,78.54130636
147,70.14632675,63.02506818,72.5104302,77.57636617
148,73.92406757,77.89962113,71.26083266,79.88257321
149,71.70470514,80.05143774,75.15436631,71.32837847
150,72.65034653,80.60627835,74.80698784,74.44995997
151,70.59019923,75.69473281,77.54741796,72.5056055
152,73.41747397,70.09325504,71.83497207,68.42873322
153,76.22062521,57.95430751,70.63844624,70.73494026
154,74.36794006,68.24056988,75.89254555,72.16787643
155,69.50464152,79.54001945,80.8619875,79.22158919
156,74.02056159,73.41747397,71.69988044,69.9195658
157,74.84076075,83.36600728,82.29492367,77.27723471
158,75.1061193,74.79251374,74.82146194,77.7548801
159,73.0411473,75.48727067,77.45574865,81.22384007
160,71.86392028,71.55031472,71.34285258,72.12927883
161,76.03246187,78.72946969,70.61914744,72.28366926
162,72.43805969,80.21065288,70.932753,67.10194046
163,74.84076075,72.60692422,72.72754174,69.93886461
164,80.71724647,71.27048206,78.96105534,82.38659299
165,72.19682464,71.80119916,71.20293625,69.59148614
166,71.9748884,80.837864,72.59727482,76.08070888
167,78.54613106,76.59212718,72.23542225,69.50464152
168,79.46764893,78.30007131,77.29653352,69.56253793
169,73.24378474,72.54902781,75.60788819,75.97456546
170,75.76710332,74.56092809,73.5525656,75.86842204
171,73.15211542,77.33030642,83.65066463,78.19392789
172,81.42647751,76.1820276,76.75134231,77.88514703
173,64.24089281,77.62461318,70.67704385,70.60949803
174,75.6561352,75.97939016,78.07813507,70.68669325
175,77.30135822,72.88193217,78.17945379,73.78415124
176,80.45188792,65.65453019,63.03471758,69.73140247
177,75.54999178,75.627187,73.46089628,74.32451775
178,65.68347839,68.11512766,67.66160577,72.07620712
179,77.224163,71.80119916,72.98325089,67.25633089
180,74.99032647,80.94883212,77.96234224,72.70341824
181,70.04500803,62.29653834,64.71853821,65.14793659
182,70.04500803,72.65999593,71.72882865,67.92213962
183,78.32901951,79.34220671,76.51493197,88.84686753
184,80.45671262,73.22448594,76.76099171,77.68250959
185,73.44159748,69.32130289,75.36182845,70.9279283
186,79.76678039,77.47987215,80.98260502,77.30135822
187,72.35121507,73.83239825,68.51557783,73.12316722
188,79.20711508,64.59309598,73.48019509,71.73847805
189,71.86392028,70.52265342,79.09132226,78.88868482
190,79.76678039,73.16658953,70.24282076,78.57990396
191,70.00158572,78.20840199,76.65967299,76.36054154
192,76.65967299,71.85909557,72.55385251,73.89029466
193,72.32709156,71.62750993,68.59277305,70.67704385
194,78.88386012,75.27498383,77.88514703,81.97166871
195,77.95751754,74.31486835,71.72400395,72.85780867
196,74.70084442,74.44031057,78.38691593,78.12638208
197,79.11062106,76.41843795,75.19778861,76.11448179
198,67.39142252,70.54195222,72.57315131,70.20422316
199,77.39302754,77.79830241,83.04757702,81.69666076
200,69.32130289,70.24764547,69.86166939,79.57861705
201,74.66707151,78.70052149,75.73333042,67.74362569
202,76.25922282,68.3660121,71.26083266,70.72529086
203,73.15211542,73.11834252,72.41876088,73.62976081
204,78.47376054,63.18910801,74.38241416,70.80248607
205,83.63619053,79.96459313,82.89318659,75.49209537
206,78.60402747,70.38273709,78.16980438,76.09035829
207,71.70952985,79.3132585,71.81567327,76.51010727
208,76.07105948,81.48437392,72.75166525,76.06141008
209,83.63619053,80.98742972,82.87388779,77.83690002
210,69.57701204,66.60982097,69.34542639,69.4081475
211,72.55867721,72.25954575,73.09421901,71.36215138
212,70.61914744,76.78511522,81.22866477,76.1482547
213,79.16851748,70.03535862,73.20518713,80.66417476
214,68.49627903,84.26822635,73.32097995,75.25086032
215,75.6561352,75.67060931,72.24507165,72.13410353
216,81.68701136,73.44642218,74.51750578,73.78415124
217,70.84590838,75.67543401,71.32355377,79.95494373
218,75.85877264,77.14696779,71.06301992,78.16980438
219,71.28013146,73.75520304,72.73719114,67.34317551
220,72.32709156,76.92985625,75.26050973,74.98550177
221,76.48598376,67.37212371,77.06012317,69.97746221
222,71.60821113,77.40750164,78.85008721,75.08199579
223,69.57701204,73.60563731,73.18588833,72.64069712
224,79.90187202,81.59051734,76.6982706,73.91924287
225,81.78350538,75.48727067,76.97810326,81.82692769
226,80.44706322,78.38209122,77.1952148,78.38209122
227,77.49434625,75.81052563,80.21065288,79.59309116
228,73.46089628,75.95044196,75.55964118,72.24507165
229,67.70985278,71.00512351,70.18492435,64.89222744
230,81.20936597,77.77417891,76.43773675,79.3036091
231,76.85748573,76.41843795,76.84301163,75.56446588
232,75.67543401,67.98003603,73.66353372,72.5104302
233,81.42647751,66.32516361,78.10708327,76.92985625
234,72.81921106,80.39399151,71.14986454,77.40750164
235,82.97520651,70.52747812,74.30039424,77.1903901
236,78.47376054,76.04211128,80.12863296,79.8295015
237,72.19199994,70.28141837,71.42487249,78.85973662
238,75.95044196,73.46089628,71.09196813,70.55642632
239,71.57443822,83.11512283,77.01187616,77.7355813
240,74.79251374,76.79958932,75.27498383,79.01412705
241,77.89962113,79.3132585,76.1868523,74.594701
242,67.42037072,78.44481234,76.41361325,79.15886807
243,79.95494373,80.03213894,81.29621058,82.00061692
244,79.20229038,75.46797187,74.53680459,76.65002359
245,74.54645399,79.53519475,73.84204765,69.29717938
246,71.95558959,77.33030642,75.88289615,73.82757355
247,80.95365682,76.02763717,79.18781628,76.13860529
248,72.34156567,74.90348186,69.96298811,73.25343414
249,69.61078494,75.54999178,73.10869311,71.86874498
250,68.92085271,79.53519475,70.07878093,74.92760536
251,76.92985625,66.60982097,73.00254969,74.5754022
252,76.57282838,68.43838262,75.73815512,70.77836257
253,63.88386495,77.88997173,76.1723782,67.47826713
254,78.38691593,81.3878799,75.85394794,78.02988806
255,72.66482063,74.80216314,79.49177244,74.01573689
256,77.740406,75.80570093,78.05401156,74.20872492
257,77.86584823,72.97842619,79.23123859,81.30103528
258,75.17848981,78.70052149,68.76163758,77.25311121
259,79.00930235,84.06558891,74.77321493,77.37855343
260,82.04403923,78.98035414,75.92149375,81.24313887
261,72.54420311,79.53519475,79.33255731,68.62172125
262,76.97327855,75.76227862,70.06913153,73.29203175
263,76.70792,76.05176068,72.62139832,73.45124688
264,75.35700374,79.39527842,76.26404752,72.38498798
265,74.14117911,70.63362154,72.86745807,69.47569332
266,80.3264457,62.88032715,72.5345537,78.46893584
267,61.66450252,71.13056573,66.57122336,70.53712752
268,73.562215,74.62847391,71.93146609,69.58666144
269,80.09003535,77.98646575,78.10708327,75.25568503
270,65.35057403,73.24860944,72.98325089,71.20293625
271,70.54195222,81.02120263,76.51010727,73.28720705
272,73.5766891,81.79797948,71.95558959,75.71403161
273,68.43838262,72.013486,73.45124688,71.21258565
274,62.88032715,67.94143842,70.21869726,61.27852645
275,80.05143774,80.13828236,81.21419067,82.10193564
276,79.34220671,78.74394379,78.47376054,80.30232219
277,72.89158157,80.3457445,81.06462494,82.00061692
278,71.72400395,76.27369692,74.96137827,70.61914744
279,81.78350538,61.66450252,70.28141837,76.1868523
280,79.76678039,80.09003535,78.89350952,81.25278828
281,84.02216661,73.61046201,80.13828236,80.22995168
282,72.89158157,78.52683225,72.03760951,76.86713513
283,67.43966953,80.52425844,72.04243421,72.12445413
284,73.26308354,78.38691593,76.1820276,76.56317898
285,71.11126693,74.72979262,70.55160162,71.42969719
286,75.1061193,68.05240654,76.50528257,75.38595195
287,75.27980853,77.15661719,79.09132226,73.76002774
288,73.40782457,65.42294454,68.72303997,70.97617531
289,72.61657362,81.402354,73.79862535,74.10740621
290,74.13152971,74.078458,79.77642979,72.14375293
291,67.36729901,78.36761712,73.34510346,75.82499973
292,73.30650585,68.8436575,69.62043435,73.0121991
293,75.57893999,74.5995257,70.36343829,67.66160577
294,75.04339818,77.33030642,79.57379235,80.8426887
295,76.40396385,67.52651414,72.29331866,73.41264927
296,78.80666491,76.30264513,77.49434625,83.33223437
297,70.20904786,74.13152971,69.76517537,72.64069712
298,81.07427434,71.23670916,75.48244597,83.38530608
299,75.76710332,71.73847805,78.14568088,71.53101591
300,74.99515118,71.19811155,77.66321079,81.81727828
301,75.95044196,70.09325504,74.27144604,72.34639037
302,79.8246768,74.74909143,81.13699545,76.6982706
303,72.44288439,77.64873668,78.52200755,76.7127447
304,79.67511107,75.56446588,76.7030953,78.81148961
305,80.3505692,74.57057749,78.30007131,72.19199994
306,82.97520651,71.73365335,79.61721466,74.01091219
307,75.37147785,74.83593605,68.19232287,72.73719114
308,82.53133402,72.34156567,79.12027047,79.97424253
309,69.84237059,80.60627835,76.46186026,69.4033228
310,71.00512351,75.67543401,74.45478467,76.92503155
311,77.52811916,71.9941872,78.93210713,76.92020684
312,84.19585584,80.63522656,82.00544162,82.4300153
313,67.84976911,74.69119502,65.7510242,68.71339057
314,81.07909904,78.42551353,79.71853338,76.6837965
315,66.95237473,72.55385251,69.07041844,69.41779691
316,79.24571269,78.29042191,85.42132987,86.14021031
317,77.09389608,68.99322323,82.86423838,83.26468856
318,69.03182083,69.48051802,79.12509517,65.7269007
319,57.95430751,82.4010671,71.06784462,72.03760951
320,76.46186026,76.83336223,81.27691178,73.30168115
321,77.89962113,73.13764132,79.16851748,76.04211128
322,70.60467333,71.42487249,66.14664968,70.62397214
323,73.11834252,74.23767313,78.59437807,74.92278066
324,73.61046201,81.74973247,75.95044196,82.25150137
325,71.17398804,79.8246768,72.08103182,70.83625898
326,70.33931478,70.80731077,69.20068536,70.60949803
327,68.71339057,76.95397975,75.78640213,73.46089628
328,81.93307111,75.42937426,77.59566497,81.29621058
329,75.19778861,80.03213894,78.35796772,80.73172058
330,66.38788473,78.88386012,77.90444583,76.72239411
331,66.37823532,81.41200341,72.94465328,77.17591599
332,78.68122268,82.88836189,81.9089476,79.22641389
333,69.86649409,79.37115491,76.90090804,71.04372112
334,75.15919101,68.40943441,74.96620297,73.0604461
335,72.11962942,82.39141769,70.73976496,77.58119087
336,75.67543401,68.65549416,73.45124688,71.71917925
337,69.60596024,82.39141769,69.16691246,69.27305588
338,71.49724301,72.43323498,72.59245012,72.81921106
339,72.32226686,78.46893584,67.04404405,69.85684469
340,77.99129045,71.9941872,74.14600381,72.90605568
341,80.60627835,69.70245426,71.57443822,67.74362569
342,74.21354963,75.89254555,68.99804793,69.8954423
343,76.78511522,72.86745807,75.36665315,69.15243836
344,85.94239757,77.23863711,84.85683987,78.14085618
345,73.87582056,77.59084027,78.7680673,76.60660128
346,75.82017503,73.24860944,79.34703141,69.71692836
347,77.37855343,67.39142252,74.46925877,70.01123512
348,78.73911909,69.85201999,78.2662984,72.48148199
349,79.57861705,72.29331866,78.18910319,73.34510346
350,72.40911148,77.66321079,76.82371283,71.36215138
351,75.96974076,70.83625898,76.13860529,76.36536624
352,66.82210781,75.92631845,71.08714343,69.15726306
353,74.74909143,73.74555364,72.90605568,71.58891232
354,80.18170467,75.46797187,67.63265756,76.84301163
355,68.3563627,66.2431437,65.29750232,70.27659367
356,75.41490016,84.19585584,87.57797119,87.50077597
357,81.50849742,68.16819937,74.44513527,73.31615525
358,80.60627835,70.65774504,73.50914329,76.83818693
359,71.51654181,74.57057749,71.87839438,73.07974491
360,70.20904786,78.67639798,73.88064526,75.26533443
361,76.83336223,83.05722642,77.07459727,75.78640213
362,73.63941022,73.13764132,69.27305588,79.55931825
363,77.26758531,78.41103943,80.53873254,73.35475286
364,72.27884455,75.54999178,80.98742972,73.96748988
365,71.94594019,76.47633436,75.60788819,75.98421487
366,81.22866477,68.12960176,77.61978848,73.96748988
367,72.13410353,69.24893237,65.91506404,72.68411943
368,75.94561726,75.6416611,73.40782457,75.82017503
369,78.67639798,82.9559077,79.69923458,80.74136998
370,73.94819107,72.88675687,78.55578046,71.80602386
371,79.58826646,85.580545,77.04082437,77.96234224
372,78.60402747,79.67511107,83.80505506,82.20325436
373,74.36794006,72.35121507,69.50464152,81.51814683
374,77.61013908,72.03278481,77.86584823,78.2373502
375,79.8246768,82.98485591,76.59212718,76.05658538
376,78.44481234,83.17301924,84.04146541,77.88514703
377,83.37083198,68.80988459,79.04307525,77.02152556
378,75.19778861,76.95397975,76.08553358,79.91152142
379,73.82757355,74.97102767,73.64905962,68.95945032
380,78.52200755,70.28141837,74.32451775,76.76099171
381,68.16819937,69.46604392,77.32065702,74.76356553
382,81.25761298,73.18106363,78.48340994,82.82081608
383,77.07942198,78.28077251,71.95558959,75.75745392
384,75.110944,73.74555364,75.16884041,79.14439397
385,79.41457722,77.44609925,77.07459727,82.85458898
386,76.11930649,71.84462147,75.48727067,74.6188245
387,76.85748573,72.79991225,74.99515118,75.6464858
388,75.54999178,70.61914744,68.11030296,76.42326265
389,74.078458,73.98678868,74.43066117,76.95880445
390,70.09325504,63.16015981,69.24893237,71.12574103
391,71.02442231,73.0556214,63.74877332,74.04468509
392,78.66192388,84.30199926,76.33159333,78.91763303
393,72.25954575,73.0411473,72.013486,69.43227101
394,75.90219495,74.23767313,73.42229867,74.33899185
395,65.24925531,77.32065702,69.33577699,66.87517952
396,82.89318659,83.56864472,83.17301924,79.70405928
397,78.06366096,75.98903957,72.23059755,74.44513527
398,74.078458,77.96716695,77.27723471,79.33255731
399,79.46282423,81.55674443,83.64583993,80.55803134
400,73.70213133,74.19907552,71.85427087,64.64616769
401,68.55900014,76.87195984,75.42454956,67.19843448
402,78.80666491,77.14696779,76.07588418,80.70759707
403,73.52844209,77.32065702,74.078458,76.72721881
404,74.63812331,76.07105948,66.92342653,68.25986868
405,78.20840199,67.13571337,75.55481648,74.78768904
406,72.0183107,73.50431859,73.37887637,71.57443822
407,73.75520304,70.03535862,70.17527495,72.99290029
408,68.24539458,68.3563627,74.5802269,75.02409938
409,75.03857348,80.94883212,76.08553358,76.61625069
410,76.95397975,76.81888813,80.09968475,72.99772499
411,80.07556125,82.68089975,82.99450531,79.54484415
412,79.77160509,68.53487664,74.34381655,72.60209952
413,72.37533857,74.91795596,69.53841443,77.29653352
414,82.82564078,74.14117911,79.8150274,77.03117497
415,77.33030642,76.12413119,75.71885631,79.2939597
416,74.91795596,76.28817102,70.55160162,79.68958518
417,78.52683225,75.77192802,75.80570093,79.86809911
418,79.24571269,68.05240654,80.96330622,68.61207185
419,83.37083198,76.88160924,70.99064941,73.94819107
420,76.6693224,70.51782872,67.54581295,70.66256975
421,74.97102767,73.38370107,79.11544577,80.64005126
422,75.24121092,79.20711508,78.02023866,77.740406
423,77.7452307,76.02763717,69.26823118,68.01380894
424,70.13667734,80.98742972,72.36568917,71.16916334
425,74.19425082,84.64455303,79.08167286,75.33288024
426,84.04629011,78.52683225,79.93564492,79.36633021
427,76.25922282,73.43677278,73.94336637,76.02763717
428,80.50495963,77.14214309,80.67864887,70.56607573
429,66.60982097,73.19553773,72.21129874,76.35089214
430,74.91795596,72.89158157,76.22062521,77.94786814
431,71.73365335,77.31583232,69.57701204,81.34928229
432,65.68347839,73.73590423,71.19811155,69.64455785
433,78.82596371,76.51975667,77.00222676,79.33738201
434,75.70920691,77.23863711,77.88997173,78.73429439
435,67.62300816,70.14632675,68.13442646,71.4875936
436,76.12413119,77.740406,78.95140593,82.69537385
437,78.772892,73.91441817,80.49048553,80.50495963
438,73.0411473,79.58826646,80.12863296,74.46925877
439,75.28945793,72.34156567,76.37501564,77.49434625
440,77.60048967,75.69473281,79.2987844,78.7487685
441,75.77192802,77.24828651,78.44963704,82.9703818
442,70.84590838,78.44963704,74.34864125,70.9375777
443,73.31615525,72.37533857,74.00126279,70.67221915
444,78.83078841,77.57154147,78.93693183,71.42487249
445,79.41940192,73.31615525,74.50303168,74.76839023
446,79.12027047,75.28945793,76.47150966,80.47601143
447,76.87678454,74.17495202,72.18235054,74.03021099
448,77.96234224,74.078458,76.1723782,72.09550592
449,77.62461318,64.59309598,67.8015221,69.31165349
450,67.90766552,81.72078426,78.16980438,76.84783633
451,71.86392028,74.91795596,73.09904371,74.37758946
452,79.8198521,87.25471623,83.4625013,77.92374464
453,78.44481234,71.56478882,75.55964118,76.55352957
454,75.37147785,75.81052563,72.02313541,71.72400395
455,68.51075313,78.772892,80.68347357,80.73654528
456,69.84237059,81.72560897,75.81535033,67.88354201
457,79.00930235,79.57861705,79.44352543,78.2421749
458,83.31293557,76.12895589,81.43612691,79.78125449
459,75.57893999,81.3878799,79.55931825,79.37597962
460,77.26758531,77.02152556,76.76099171,75.92631845
461,79.12991987,78.72946969,78.45928644,78.13603148
462,61.51493679,79.57861705,67.43966953,71.80602386
463,80.93918271,73.92406757,74.0688086,81.31550939
464,66.32516361,76.97327855,68.56864954,75.74780452
465,69.07041844,81.57604324,74.66224681,78.73911909
466,71.87356968,71.28013146,63.02024348,72.65999593
467,76.48115906,76.78511522,82.35282009,83.64101523
468,74.594701,77.24828651,73.11351781,71.86392028
469,72.54420311,79.87774851,75.57411529,67.70502808
470,84.11866062,71.63715933,79.2794856,80.8426887
471,72.34639037,66.99097234,69.71692836,68.62654595
472,75.48244597,73.91441817,76.23027461,78.06848566
473,78.31937011,74.53197989,83.15854514,84.35507097
474,78.2614737,78.87903542,76.91538214,78.50270875
475,74.0736333,75.98903957,76.95397975,75.93596786
476,72.41393618,69.50946622,70.98582471,71.04372112
477,70.20904786,73.35475286,66.39753413,71.9990119
478,79.16851748,76.25439812,73.60081261,74.49820698
479,74.34864125,69.81824708,71.72882865,78.51718285
480,75.35700374,83.76645746,83.28881207,75.98903957
481,78.72946969,75.48727067,71.14503984,71.53101591
482,75.18331451,72.41393618,81.8944735,74.95655357
483,70.61914744,75.1012946,80.56768074,75.23156152
484,78.03471276,72.40428678,79.34220671,80.79926639
485,74.44031057,72.32226686,74.29556954,73.14246602
486,82.10193564,77.07942198,79.21676448,77.46057335
487,67.98003603,74.21354963,72.30296806,73.42229867
488,80.3457445,72.79991225,77.87067293,75.06269699
489,79.06237406,74.44031057,84.34542157,81.13217075
490,73.562215,77.49434625,77.48952155,66.15147438
491,75.59341409,76.51493197,77.1903901,75.19778861
492,72.02796011,72.79991225,71.66128284,73.96266518
493,75.85877264,75.22673682,77.28688411,74.54645399
494,75.91184435,68.73751408,65.30232702,65.14311189
495,79.57861705,77.40750164,79.39527842,74.64777271
496,78.00093985,82.04403923,75.23156152,77.42680044
497,73.90959347,71.49724301,69.8906176,70.23317136
498,70.04500803,71.22223505,75.99868897,74.36794006
499,77.76452951,77.60048967,75.36182845,75.52586828
500,76.78029052,75.75745392,75.20743802,70.73494026
501,66.86070542,72.54420311,72.44288439,72.72271704
502,74.63812331,80.09003535,72.08103182,73.81792415
503,75.19296391,82.71949736,77.31583232,76.56317898
504,71.9990119,65.05144257,65.41811984,70.59984863
505,77.55224267,74.95655357,76.53423077,66.07910387
506,77.12284428,83.05722642,77.54259326,82.38176829
507,82.53133402,81.72078426,82.9559077,78.70052149
508,70.00158572,77.55224267,75.37147785,67.13088867
509,71.59856172,77.7452307,73.79862535,69.53358973
510,82.4396647,80.63522656,73.52361739,75.71403161
511,80.12380826,78.80666491,71.64198403,77.14214309
512,82.71949736,78.00093985,72.16305173,77.39302754
513,73.39335047,71.88321908,74.65259741,72.74201584
514,67.99933483,75.46797187,62.84655425,71.74330275
515,74.27144604,70.68186855,70.52265342,76.23509931
516,70.00158572,76.41843795,75.85877264,76.71756941
517,73.46572098,76.88160924,72.78061345,75.05304759
518,70.74458966,68.94980092,68.19714757,66.48920345
519,75.54516708,74.74909143,75.28945793,77.83207532
520,70.74458966,80.60627835,80.11415886,80.13828236
521,71.15468924,76.26887222,66.32033891,67.8401197
522,71.08231873,80.18170467,80.15275646,76.86713513
523,76.81888813,86.47311468,77.17109129,78.37244182
524,76.81406342,74.39206356,75.21708742,72.70824294
525,79.21676448,79.00930235,77.2000395,81.07909904
526,83.63619053,65.68347839,73.34992816,80.54838194
527,80.30714689,81.99096752,78.83078841,78.81631431
528,76.12413119,69.84237059,75.67060931,75.29428263
529,72.013486,82.36729419,77.79830241,77.13249369
530,83.94497139,77.62943788,73.40299987,80.64005126
531,83.93049729,78.90798363,78.99482824,77.09389608
532,73.83239825,77.30135822,77.1952148,74.0639839
533,68.92567741,69.70245426,67.01509585,70.24282076
534,79.00930235,81.71113486,79.05754935,80.00319074
535,81.93307111,74.02056159,71.9845378,76.49080846
536,83.93049729,76.34124273,83.94497139,77.25311121
537,69.57701204,82.80634197,69.23445827,68.54935074
538,72.65517123,66.754562,75.54999178,71.85427087
539,67.10676516,71.02442231,69.95816341,68.46733082
540,77.48952155,76.09035829,79.86809911,71.26083266
541,78.09743387,70.59019923,64.91152624,69.35025109
542,73.37405166,75.69473281,79.94046962,69.99193632
543,69.58666144,76.64037419,69.384024,66.71113969
544,73.74555364,75.87807144,78.39174063,76.1627288
545,78.74394379,74.90830656,80.8571628,83.94979609
546,72.88193217,61.51493679,72.30779276,67.19360978
547,79.04789995,79.20711508,74.28109544,76.7127447
548,71.24635856,70.64809564,72.0086613,74.44031057
549,73.91441817,80.41811502,81.77385597,78.59437807
550,64.31326333,83.63619053,65.00319556,68.00415954
551,81.60499144,79.65098757,72.4959561,82.62300334
552,81.48437392,75.32323084,88.94818625,85.18491953
553,73.32097995,76.06623478,80.12380826,79.67028637
554,71.07749402,74.80216314,71.4779442,76.41361325
555,57.95430751,76.06623478,74.47408348,62.94304827
556,79.16851748,76.85748573,77.04082437,81.24796357
557,67.84976911,83.01862881,77.96716695,78.98035414
558,71.93629079,75.41490016,77.7355813,72.31261746
559,74.23284843,66.18042259,73.92889227,71.66128284
560,66.47955404,75.97939016,73.83239825,69.9147411
561,80.18170467,62.54742279,71.43452189,73.70695603
562,66.58569746,73.67318312,74.48855758,66.60499627
563,72.013486,78.90798363,77.96234224,78.37726652
564,81.08874844,70.20422316,81.59051734,78.35314302
565,80.64970066,79.18781628,80.07073655,79.62203936
566,77.16626659,78.60885217,74.64777271,82.24185196
567,71.01477291,78.256649,73.20036243,71.26565736
568,83.4818001,74.53197989,77.64391198,77.56671677
569,74.19425082,66.37823532,69.14278895,72.56350191
570,71.73365335,75.67060931,79.65098757,73.51879269
571,76.78511522,84.29234986,71.77707566,80.25407518
572,79.58826646,79.96459313,75.96009136,75.45349776
573,77.89962113,75.90219495,69.95816341,77.63908728
574,81.87034999,73.48501979,72.58280071,76.05176068
575,66.38788473,78.97552944,76.21580051,69.75070127
576,74.30521894,65.91506404,75.68990811,69.69280486
577,61.85266586,78.11673267,72.80473696,76.26887222
578,80.07073655,82.80634197,71.53584061,72.20647404
579,67.32387671,72.28849396,70.84108368,68.46250612
580,76.78511522,74.14117911,75.110944,77.46057335
581,74.63329861,73.24378474,75.74780452,77.32065702
582,57.93983341,78.10225857,68.07170535,62.23381723
583,79.24571269,81.59051734,77.33030642,79.97424253
584,76.30264513,82.98485591,78.04918686,75.05304759
585,73.46572098,84.19585584,77.02635026,81.44095161
586,67.76774919,84.11866062,73.90959347,83.77128216
587,79.36633021,78.7584179,74.0688086,77.08907138
588,80.01284014,80.47118673,83.75680806,82.14535795
589,71.49724301,75.50174477,75.77192802,77.96716695
590,64.59309598,76.54388017,68.12960176,68.90637861
591,80.74136998,74.66707151,79.55931825,79.34703141
592,67.32870141,72.41393618,65.79927121,67.34317551
593,79.3084338,74.18460142,80.44223852,71.93146609
594,84.37919447,77.7452307,86.22223023,83.21161685
595,73.43677278,74.40653766,80.64487596,76.03246187
596,77.30135822,82.04886393,85.0112303,74.81663724
597,80.14310706,79.8391509,81.96684401,78.09743387
598,73.59598791,73.91441817,76.05176068,71.89769318
599,77.2338124,77.96234224,79.06719876,75.110944
600,80.3409198,75.19296391,71.85909557,76.45703556
601,77.41715104,78.97552944,75.82017503,72.97842619
602,83.76645746,81.05015084,79.92599552,82.70502325
603,63.02506818,78.69569678,68.77128698,74.57057749
604,77.26758531,82.70984795,79.88257321,79.16851748
605,74.49338228,80.39399151,86.23670433,81.12252135
606,72.99772499,72.48630669,65.41329514,81.85105119
607,71.95558959,80.52425844,75.19778861,74.27627074
608,78.70052149,70.77353787,80.21547758,75.39560135
609,70.71081675,74.28109544,71.11609163,72.32226686
610,78.38209122,71.69505574,81.83657709,71.80602386
611,72.19199994,78.31454541,78.86456132,66.09840267
612,71.9941872,73.94336637,72.44770909,70.71564146
613,66.46507994,75.85877264,75.14954161,69.98228691
614,80.49048553,75.61753759,76.31229453,78.49788405
615,66.37823532,78.63297567,66.69666558,73.59598791
616,81.07909904,65.50013976,76.97327855,78.14085618
617,66.60982097,79.88739791,74.0591592,73.5525656
618,77.64873668,85.5419474,87.36085965,87.72271222
619,62.89480126,71.08714343,64.79090872,59.89383728
620,62.89480126,69.26823118,70.11737854,71.07749402
621,75.24121092,71.72400395,73.76002774,69.83754589
622,80.50978433,77.86584823,77.44609925,78.7535932
623,67.04404405,75.41490016,76.77546582,72.26919515
624,75.68508341,65.35057403,77.66803549,76.87678454
625,76.81406342,82.98003121,74.72979262,75.31840614
626,73.83239825,76.91055744,78.91280833,76.89125864
627,82.4396647,69.70245426,82.46861291,76.6934459
628,78.46893584,76.51010727,68.29846629,71.10644223
629,74.52715519,79.24571269,80.54838194,72.95912739
630,76.51493197,79.42905133,77.12766898,79.36150551
631,74.19907552,80.64005126,67.94626312,76.72721881
632,78.32901951,75.35700374,77.35925463,76.90090804
633,74.0736333,70.23317136,78.62815097,75.71403161
634,77.7259319,76.6644977,77.7548801,77.00705146
635,73.5477409,74.17977672,75.93596786,74.1025815
636,66.86070542,74.0929321,71.06301992,68.39978501
637,70.4116853,78.57025456,74.35829065,74.38723886
638,75.25086032,87.25471623,74.14600381,81.97166871
639,68.39013561,69.9195658,73.24860944,67.03921935
640,65.7413748,74.44995997,67.88836671,67.56511175
641,75.35700374,67.13571337,74.45960937,71.40074899
642,81.72078426,73.09904371,80.73654528,83.4721507
643,80.38434211,75.36182845,76.59695188,80.05143774
644,66.14182498,77.66321079,76.79958932,76.22544991
645,69.50946622,81.57604324,68.47698023,79.08649756
646,76.25922282,78.7777167,75.39560135,72.57315131
647,80.21065288,79.3132585,87.01348118,82.67607505
648,78.63297567,74.078458,71.08714343,83.21644155
649,81.93307111,71.31390437,79.3180832,80.23960108
650,74.48373288,68.16819937,66.82693251,66.2431437
651,78.98035414,72.81921106,76.55352957,74.72496792
652,75.76710332,75.95044196,78.11190797,74.53197989
653,75.17848981,73.67318312,67.74362569,77.60048967
654,79.06237406,75.24121092,76.12895589,74.50785638
655,76.48115906,73.60563731,76.03728658,74.52233048
656,83.93532199,80.3457445,76.86713513,79.52072064
657,77.14214309,77.84172472,72.19682464,77.47987215
658,69.77482477,78.70052149,68.3370639,74.84558545
659,72.79991225,66.02603216,73.60081261,71.05819522
660,79.77160509,60.12542293,62.36890886,78.91280833
661,74.80698784,77.44609925,81.27691178,80.73654528
662,69.84237059,76.40396385,77.06977257,76.81406342
663,75.80570093,70.13667734,76.02281247,68.12477706
664,77.64873668,80.50013493,78.43033823,74.95172887
665,76.51493197,81.66288785,76.42326265,79.84397561
666,77.07942198,76.50528257,73.38852577,76.45221085
667,73.60563731,82.64712684,74.72014322,78.56060516
668,72.79508755,75.77192802,67.835295,71.95076489
669,73.95301578,81.72078426,74.12188031,71.35732668
670,83.26468856,76.54388017,78.80184021,75.52586828
671,77.52811916,78.44963704,79.88739791,77.11801958
672,78.00093985,75.1350675,65.94883694,74.44031057
673,61.51493679,71.53101591,72.013486,69.00287263
674,74.23284843,73.38370107,81.11769665,79.26501149
675,71.51654181,70.12220324,70.71564146,68.89190451
676,76.61625069,78.13120678,76.30746983,78.88868482
677,70.12220324,75.09646989,81.94754521,74.74426673
678,77.33995583,78.06366096,75.83464914,73.88064526
679,80.8523381,76.55352957,75.61753759,75.00480058
680,85.13184782,80.77031818,84.86166457,79.02377645
681,78.09260917,71.89286848,80.18170467,77.7114578
682,64.73783701,63.02506818,70.4309841,61.23510414
683,75.97939016,74.30521894,77.24828651,73.39817517
684,84.71692354,69.84237059,73.58633851,78.17462909
685,74.27144604,79.01412705,78.57025456,70.64327094
686,72.35121507,68.40943441,78.96105534,74.40653766
687,77.02152556,74.26662134,71.40557369,77.56189207
688,82.33352128,79.53519475,78.86456132,80.08521065
689,72.19682464,77.16626659,70.39238649,77.31583232
690,74.56575279,76.74651761,75.70438221,83.90154908
691,68.39013561,77.55224267,71.00512351,67.37212371
692,73.82757355,71.75777686,78.53648165,80.52425844
693,81.55674443,68.65066946,78.02023866,77.32065702
694,72.65517123,71.73365335,76.04211128,74.23767313
695,76.50528257,79.46282423,77.69215899,79.74748159
696,76.61625069,77.34960523,78.50270875,71.84462147
697,61.85266586,73.23413534,66.08392857,67.73397628
698,67.32387671,75.54034238,67.61335876,67.43002013
699,71.51654181,75.71885631,69.73140247,73.47537038
700,81.44095161,69.74587657,79.76195569,81.07427434
701,72.04243421,74.53197989,74.45478467,72.96395209
702,67.57476115,74.22802373,69.26340648,70.27176897
703,84.64455303,76.40878855,77.2193383,79.58826646
704,74.13152971,75.24121092,71.61786053,80.17205527
705,78.7584179,78.19875259,79.54001945,77.83207532
706,77.224163,77.34960523,78.40621473,72.14857763
707,76.25439812,68.24056988,75.1012946,73.97713928
708,76.81406342,66.56639866,74.32934245,72.95912739
709,77.11801958,80.21065288,77.10354548,79.05754935
710,68.51075313,77.33030642,76.97810326,73.34027876
711,74.68637032,72.62139832,68.44320732,69.09454194
712,72.79991225,82.71949736,75.50174477,73.41747397
713,72.55867721,79.08167286,75.1205934,80.27337399
714,85.13184782,78.55578046,73.77932654,78.87421072
715,74.90348186,72.40911148,63.23253032,75.34252964
716,78.2614737,83.64101523,82.81116667,76.79476462
717,71.57443822,80.55320664,75.03374878,81.85105119
718,69.93403991,79.06237406,76.86713513,72.78061345
719,66.14182498,78.2373502,74.75391613,69.42744631
720,67.22255799,75.38595195,77.45092395,78.40621473
721,74.74909143,75.110944,74.0929321,79.8246768
722,78.37244182,77.2338124,79.91152142,79.34220671
723,76.6693224,79.79090389,76.6741471,78.92245773
724,67.52651414,75.57411529,77.63908728,80.91988391
725,76.61625069,79.55931825,72.25472105,75.80087623
726,78.55578046,81.74973247,79.87292381,78.66674858
727,74.74909143,83.63619053,78.72464499,83.84847737
728,75.29428263,67.43966953,74.36311535,67.70020338
729,75.110944,68.39013561,77.79830241,78.01541395
730,84.37919447,78.62815097,83.66031404,82.31422248
731,74.91795596,68.58312365,70.65774504,74.02538629
732,74.30521894,81.402354,80.13345766,77.7307566
733,68.60242245,70.00641042,73.62976081,64.80538282
734,78.09743387,74.30521894,74.77321493,75.56446588
735,73.87582056,70.00641042,73.52844209,79.54966885
736,80.13828236,78.19875259,78.37726652,79.53519475
737,74.36794006,71.82049797,70.65292034,76.91055744
738,70.54195222,77.04082437,72.85780867,71.4538207
739,78.83078841,76.64037419,78.49788405,83.37565668
740,69.8857929,74.11223091,72.96395209,75.86842204
741,73.562215,80.13828236,68.94497622,74.69601972
742,64.92600035,77.33030642,67.00544644,74.11705561
743,76.23027461,76.21097581,79.92599552,76.19650171
744,73.47537038,75.19778861,75.68025871,81.77868068
745,79.24571269,74.30039424,77.84172472,80.91988391
746,69.32130289,70.4309841,71.72400395,70.80731077
747,70.63362154,69.24893237,70.88933069,69.96298811
748,70.60467333,65.91506404,73.0121991,64.33256213
749,78.08778447,79.54484415,77.44609925,73.36922696
750,72.86745807,75.70920691,73.86617116,77.85619882
751,74.23284843,82.69054915,80.17687997,78.45928644
752,75.46797187,77.48952155,73.27273295,80.67864887
753,81.17076836,76.6934459,83.51074831,81.68701136
754,72.14375293,75.94561726,75.46314717,78.16497968
755,73.79862535,81.21419067,71.02924702,82.00544162
756,76.57282838,80.837864,71.15468924,72.4911314
757,79.41457722,81.68701136,77.66803549,81.21901537
758,80.77031818,66.18042259,72.82886046,75.26050973
759,75.25086032,63.59438289,66.7642114,70.06913153
760,74.63812331,77.98646575,71.09679283,75.68025871
761,68.40943441,75.57893999,69.72175306,75.92631845
762,77.224163,72.70824294,76.87195984,68.89672921
763,81.47472452,84.71692354,83.21644155,77.35442993
764,74.68637032,81.79797948,77.55706737,73.33545406
765,79.18781628,81.55191973,82.52168462,78.13120678
766,71.55031472,76.25922282,78.51235815,69.21998417
767,79.39527842,76.70792,78.97070474,78.49788405
768,73.23413534,79.54001945,76.53423077,75.32805554
769,66.32516361,76.22062521,69.3647252,62.0890762
770,66.60982097,74.0929321,72.10515532,67.8159962
771,69.67833076,66.58569746,60.98421969,68.02828304
772,76.25439812,70.19457376,77.7452307,67.76292449
773,72.35121507,78.7777167,73.28238235,79.10097166
774,66.99097234,71.00512351,67.37212371,68.46733082
775,70.51782872,80.21065288,60.82982926,73.86617116
776,77.02152556,80.65452536,77.92374464,81.59534204
777,67.25150619,68.55900014,74.30521894,68.72786467
778,70.23317136,75.24121092,81.04532614,80.24442578
779,79.85844971,65.66417959,76.11448179,77.64873668
780,78.91763303,71.13056573,69.62525905,72.61657362
781,69.05594434,83.28398736,79.03825055,79.8391509
782,83.93049729,75.59341409,75.49692007,78.06366096
783,80.45188792,80.13828236,76.84301163,69.64938255
784,79.88739791,80.13828236,76.22544991,84.45156499
785,75.81052563,73.39335047,72.39946208,73.09421901
786,71.93629079,77.07459727,79.85362501,78.2373502
787,77.61013908,69.8857929,77.35925463,78.31454541
788,73.76002774,72.79991225,73.09421901,66.44095644
789,73.34027876,80.00801544,75.91184435,78.94658123
790,83.26468856,78.13120678,83.25021446,82.27562487
791,72.07620712,70.56607573,79.12991987,71.32837847
792,75.57893999,61.37984517,63.24700442,69.00769733
793,76.88160924,77.58601557,78.33866892,75.98421487
794,78.2277008,74.53680459,70.09325504,78.30489601
795,75.37630255,71.54066531,77.95269284,77.08907138
796,78.44481234,68.11512766,80.37469271,77.99129045
797,73.5380915,71.33802787,71.88321908,69.900267
798,76.09035829,78.62815097,77.80795181,78.62815097
799,74.56092809,68.12960176,75.46314717,75.77675273
800,77.26758531,80.80409109,82.02474042,79.26983619
801,75.67060931,71.94594019,72.25472105,77.92374464
802,75.56446588,80.50495963,74.84076075,78.11190797
803,80.21065288,84.88578807,82.49756111,83.31293557
804,79.39527842,78.2373502,77.76452951,74.35346595
805,75.15919101,77.62943788,78.69087208,80.15275646
806,71.49724301,81.72078426,78.18910319,72.68894413
807,76.78029052,79.85844971,75.70920691,85.45027808
808,78.55578046,74.63812331,73.74072894,69.900267
809,73.43677278,66.71113969,72.70341824,66.99097234
810,76.25922282,72.87710747,72.91088038,75.50174477
811,77.61013908,73.98678868,79.76678039,77.98646575
812,75.19296391,82.53133402,77.740406,77.17591599
813,81.82210298,75.1350675,80.20582817,79.09614696
814,70.54195222,79.8246768,74.04468509,80.03213894
815,78.84526251,79.14921867,76.28817102,76.56317898
816,78.49305935,74.74909143,80.40846561,83.61206703
817,66.56639866,79.41457722,72.42358558,78.09743387
818,79.11062106,76.81888813,80.92470861,84.76034585
819,76.51493197,76.85748573,65.39399634,76.62590009
820,77.91891994,77.48952155,77.96716695,78.73429439
821,81.74008307,72.76131465,75.67543401,75.78640213
822,76.22062521,80.07073655,78.2518243,83.26951326
823,69.59631084,81.24796357,65.91023933,67.43484483
824,72.013486,79.85362501,83.51557301,71.65163343
825,81.51814683,80.3264457,77.25793591,84.89061277
826,67.49756594,78.256649,74.33899185,71.88804378
827,76.85748573,71.93629079,71.65163343,74.51750578
828,78.55578046,72.73719114,76.61625069,77.93821874
829,83.26468856,82.29009897,87.08585169,88.75037351
830,82.9607324,77.80312711,73.51396799,78.56060516
831,72.34639037,73.52844209,69.13313955,72.40428678
832,79.20711508,81.17076836,74.49820698,77.31583232
833,75.35700374,69.94851401,78.71982029,80.64005126
834,71.80119916,71.73365335,73.62976081,64.66064179
835,80.07073655,73.62011141,81.07427434,70.16562555
836,71.07749402,84.88578807,75.95526666,80.16723057
837,83.63619053,80.55320664,74.99515118,78.11190797
838,81.72078426,75.70920691,73.23413534,64.33738683
839,79.8198521,77.53294386,81.67253726,78.58472866
840,64.92600035,74.74909143,67.20325918,67.06334286
841,78.47376054,75.68990811,71.34285258,79.46282423
842,66.2431437,70.38756179,65.95366164,74.99515118
843,64.73783701,64.31326333,69.67833076,73.38852577
844,68.06205595,82.70984795,72.56350191,74.92278066
845,72.88193217,78.90798363,76.1675535,73.89511936
846,76.03246187,76.48115906,67.55546235,76.64037419
847,64.63651829,66.95237473,73.21483653,68.04758184
848,78.18427849,74.13152971,84.31164866,79.18299158
849,76.40396385,73.46089628,72.81438636,74.52233048
850,77.47987215,84.90991158,77.36890403,82.91248539
851,81.75455717,64.81985693,75.82499973,77.42680044
852,76.78029052,73.26308354,75.61271289,69.00769733
853,73.40782457,66.60982097,73.00254969,63.94658606
854,74.01091219,74.54645399,74.15565321,72.77578875
855,72.5056055,79.97424253,74.99032647,78.17462909
856,70.53230282,75.76227862,69.75070127,74.87935835
857,74.23767313,75.04339818,81.14664485,84.04146541
858,80.3505692,75.46797187,84.13313473,80.03213894
859,75.28945793,69.384024,67.48791654,72.15340233
860,79.09614696,68.40943441,76.1772029,78.02023866
861,76.78511522,75.75745392,74.66707151,71.39109958
862,77.99129045,68.50110373,72.32226686,79.74748159
863,80.07556125,74.68637032,76.03246187,75.74780452
864,78.47858524,70.19939846,74.78286433,72.14375293
865,74.68637032,71.69505574,79.40492782,81.66771255
866,68.65549416,77.59566497,73.5766891,74.30039424
867,80.3457445,77.44609925,81.87517469,80.41329031
868,75.27498383,71.68540634,66.88000422,70.932753
869,75.31840614,78.38691593,76.75616701,77.28688411
870,75.76710332,76.41843795,71.04372112,75.81052563
871,76.64037419,71.04854582,74.71531852,73.07974491
872,74.01573689,78.256649,82.4155412,73.38370107
873,70.4020359,77.98646575,76.40878855,74.75874083
874,76.07105948,74.39206356,75.86842204,75.44867306
875,79.46282423,70.60467333,76.30264513,73.38370107
876,71.69988044,82.71949736,71.31872907,70.38756179
877,76.51975667,67.52651414,80.78479229,78.772892
878,74.85041015,80.49048553,77.23863711,77.84654942
879,74.90348186,70.37308769,76.77064112,72.34156567
880,80.21065288,75.27980853,79.44352543,74.42101177
881,69.70245426,78.02988806,71.74812745,79.3036091
882,79.54001945,78.18427849,77.94786814,81.50849742
883,79.46764893,84.02216661,76.191677,77.1855654
884,82.04403923,80.52425844,73.64423492,82.61817864
885,76.48598376,75.31840614,77.84654942,77.41232634
886,74.26179663,82.53615872,82.74844556,82.18878025
887,79.56414295,74.90830656,76.52458137,78.56060516
888,79.16369277,70.52265342,68.26951809,65.34574933
889,78.67639798,73.70213133,81.99579222,83.21644155
890,76.22062521,68.65066946,69.60596024,72.48630669
891,70.68186855,72.60692422,69.73140247,67.48791654
892,70.9568765,73.5477409,73.20518713,71.30907967
893,80.52908314,71.39109958,74.39688826,74.79733844
894,75.110944,70.02088452,73.79862535,75.07234639
895,63.99000837,82.4396647,69.04147023,69.26340648
896,71.83497207,82.36729419,72.42358558,67.00544644
897,71.69023104,80.46153732,78.16980438,80.99707913
898,75.84429854,70.64809564,74.83593605,80.63040186
899,76.43773675,73.09904371,73.09421901,75.08682049
900,72.28849396,69.61078494,78.2518243,67.53133884
901,81.47472452,71.56478882,74.40171296,79.64616287
902,82.53133402,74.16530262,79.74748159,75.03374878
903,74.63812331,74.0929321,72.28849396,74.01573689
904,64.87292864,81.08874844,87.07620229,82.63747744
905,77.49434625,69.52394033,70.09807974,66.99579704
906,76.84301163,74.14117911,77.46057335,71.95558959
907,67.13571337,75.69473281,69.9050917,72.96877679
908,66.32516361,70.09325504,69.63008375,72.42841028
909,80.45671262,81.41200341,78.90315892,80.886111
910,75.54516708,81.07909904,73.97231458,79.85362501
911,72.5007808,78.06366096,74.0832827,79.10579636
912,76.85266103,81.48437392,80.37469271,79.19746568
913,74.70084442,80.41811502,73.11351781,73.5429162
914,72.97842619,64.24089281,71.68540634,73.71660543
915,66.71113969,80.64005126,79.47729833,76.59212718
916,76.78511522,71.73365335,69.23445827,77.31100762
917,70.53230282,72.13410353,74.52715519,73.87582056
918,74.56092809,60.18814404,63.6667534,73.5477409
919,70.83625898,68.3563627,69.83754589,74.0929321
920,72.32709156,69.49499212,76.06141008,72.5200796
921,57.95430751,71.00512351,62.70663792,57.53455853
922,84.90991158,78.84526251,74.80216314,77.77417891
923,79.57861705,79.16851748,73.86617116,81.96201931
924,75.82017503,75.15919101,73.52361739,75.93114315
925,69.52394033,73.80345005,69.70245426,63.1167375
926,80.12380826,80.13828236,80.08521065,79.33738201
927,76.70792,73.95301578,80.20100347,76.27369692
928,71.9748884,66.43130703,72.25954575,76.79958932
929,70.56607573,74.0977568,75.58858939,76.43773675
930,85.5419474,76.05176068,81.76903127,81.06462494
931,72.97842619,75.42937426,75.58858939,69.900267
932,73.38370107,70.14632675,76.12895589,66.32033891
933,73.16658953,83.01862881,77.57154147,75.95526666
934,77.2338124,77.59566497,72.80473696,73.33062936
935,79.12027047,75.56446588,77.58601557,80.72689587
936,75.57411529,74.11223091,76.34606743,76.03246187
937,72.19682464,78.72946969,74.47890818,71.73847805
938,69.67833076,77.78865301,80.29749749,76.47150966
939,70.00158572,62.75006023,75.84429854,69.28752998
940,75.67060931,75.37147785,66.88965362,74.12188031
941,76.26887222,73.5380915,63.85009204,79.00930235
942,75.37147785,78.55578046,76.91538214,70.4502829
943,78.99000354,72.19199994,84.12831003,71.85427087
944,83.87260088,80.13828236,82.57958103,82.51685992
945,76.53423077,73.0411473,78.42068883,75.05787229
946,70.9375777,71.77707566,66.50850225,67.73397628
947,67.2804544,72.5007808,65.70277719,73.74072894
948,81.59051734,77.12284428,75.53069298,78.45928644
949,65.7413748,70.83625898,67.58441056,62.43162997
950,81.3637564,82.97520651,70.83625898,72.5393784
951,74.53680459,68.67479296,68.76163758,76.03728658
952,78.17945379,79.54001945,81.85587589,82.12123444
953,73.0411473,79.76678039,73.83722295,76.60177658
954,68.43838262,73.21483653,74.53197989,71.35250198
955,72.5345537,78.52683225,70.32966538,76.38466504
956,78.04436216,81.60499144,82.33834598,83.19231805
957,76.62590009,74.40653766,78.45446174,82.03438982
958,75.96491606,71.08714343,69.43227101,81.53744563
959,69.84237059,74.92278066,69.76517537,69.48534272
960,81.17076836,77.224163,76.37501564,74.88900776
961,70.84590838,80.03213894,79.55931825,81.94754521
962,75.32323084,69.57701204,79.2746609,79.11062106
963,76.40396385,73.44642218,73.76485244,73.11834252
964,77.740406,70.12220324,75.42454956,77.08907138
965,84.19585584,81.9089476,81.75455717,85.5467721
966,76.88160924,75.54999178,72.24989635,79.04789995
967,75.67060931,75.28945793,74.20872492,65.34574933
968,69.32612759,81.47472452,78.14568088,74.66224681
969,75.98421487,73.21966124,77.45092395,81.57604324
970,71.08231873,73.32097995,72.22094814,75.21226272
971,78.62815097,74.25214723,75.75262922,73.0218485
972,76.87195984,70.79283667,74.44031057,67.01509585
973,74.23767313,74.52715519,70.53712752,81.71113486
974,68.65066946,77.91891994,72.24024695,69.77482477
975,78.43516293,79.86809911,84.54805901,84.66867653
976,76.88643394,72.41876088,77.93821874,76.6982706
977,74.44031057,72.62139832,70.80248607,68.26469339
978,74.75874083,72.37533857,73.71178073,73.85169706
979,70.65774504,75.70920691,65.7317254,74.40653766
980,78.49305935,74.74909143,82.73397146,77.90444583
981,69.77000007,80.83303929,74.0881074,77.77900361
982,75.03857348,64.92600035,63.99965777,74.72979262
983,77.53776856,73.86617116,74.47890818,67.90284082
984,64.95494855,78.70052149,67.73880098,67.63265756
985,74.75874083,77.224163,66.88000422,68.90155391
986,74.17012732,64.24089281,69.70245426,69.16208776
987,74.54645399,78.02988806,75.82982444,75.59341409
988,74.68637032,71.77707566,74.00126279,75.627187
989,70.65774504,75.82017503,73.66835842,78.06366096
990,71.93629079,73.98678868,69.69280486,71.49724301
991,79.65098757,79.46764893,67.52168944,76.45221085
992,78.06366096,77.60531438,81.00190383,80.30714689
993,70.00158572,75.23638622,71.58891232,68.351538
994,71.94111549,75.54516708,76.44738615,72.93500388
995,79.86327441,69.75552597,75.22673682,78.67157328
996,72.44288439,73.23413534,74.41136236,75.92149375
997,71.53101591,78.92245773,67.58441056,76.27852162
998,67.76774919,75.35700374,67.15018747,72.65034653
999,66.32516361,74.97585237,64.51107607,68.20679697